{"properties":{"connectionReferences":{"shared_dynamicscrmonline":{"runtimeSource":"embedded","connection":{},"api":{"name":"shared_dynamicscrmonline"}}},"definition":{"$schema":"https://schema.management.azure.com/providers/Microsoft.Logic/schemas/2016-06-01/workflowdefinition.json#","contentVersion":"1.0.0.0","parameters":{"$connections":{"defaultValue":{},"type":"Object"},"$authentication":{"defaultValue":{},"type":"SecureObject"},"dynamicscrmonline.organizationName":{"defaultValue":"","type":"String"},"dynamicscrmonline.entityName":{"defaultValue":"","type":"String"}},"triggers":{"When_a_record_is_created_or_updated_(deprecated)_2":{"recurrence":{"frequency":"Minute","interval":1},"splitOn":"@triggerOutputs()?['body/value']","metadata":{"operationMetadataId":"6c2a5f8e-f178-4ce6-9523-426654ab1b9f"},"type":"OpenApiConnection","inputs":{"host":{"apiId":"/providers/Microsoft.PowerApps/apis/shared_dynamicscrmonline","connectionName":"shared_dynamicscrmonline","operationId":"GetOnUpdatedItems_V2"},"parameters":{"dataset":"unq3175455a9bfc469f867160d34b569.crm4","table":"cr31a_marketingpermissionses"},"authentication":"@parameters('$authentication')"}}},"actions":{"Get_record_(deprecated)":{"runAfter":{},"metadata":{"operationMetadataId":"e3121a61-e52d-4849-bfd4-8b52621dafc1"},"type":"OpenApiConnection","inputs":{"host":{"apiId":"/providers/Microsoft.PowerApps/apis/shared_dynamicscrmonline","connectionName":"shared_dynamicscrmonline","operationId":"GetItem_V2"},"parameters":{"dataset":"unq3175455a9bfc469f867160d34b569.crm4","table":"contacts","id":"@triggerOutputs()?['body/_cr31a_contactid_value']"},"authentication":"@parameters('$authentication')"}},"Condition":{"actions":{"List_records_(deprecated)":{"runAfter":{},"metadata":{"operationMetadataId":"9e73b526-8b51-42cd-bdd2-e0b022005250"},"type":"OpenApiConnection","inputs":{"host":{"apiId":"/providers/Microsoft.PowerApps/apis/shared_dynamicscrmonline","connectionName":"shared_dynamicscrmonline","operationId":"GetItems_V2"},"parameters":{"dataset":"unq3175455a9bfc469f867160d34b569.crm4","table":"cr31a_crmconfigurations","$filter":"cr31a_name eq 'MarketingPermissionsServiceXKey' or cr31a_name eq 'MarketingPermissionsServiceUrl'"},"authentication":"@parameters('$authentication')"}},"Parse_JSON":{"runAfter":{"List_records_(deprecated)":["Succeeded"]},"metadata":{"operationMetadataId":"ac0e11f8-009d-4cb7-b3f4-4b0e882183f4"},"type":"ParseJson","inputs":{"content":"@outputs('List_records_(deprecated)')?['body/value']","schema":{"type":"array","items":{"type":"object","properties":{"@@odata.etag":{"type":"string"},"ItemInternalId":{"type":"string"},"cr31a_crmconfigurationid":{"type":"string"},"_owningbusinessunit_value":{"type":"string"},"_owningbusinessunit_type":{"type":"string"},"statecode":{"type":"integer"},"_statecode_label":{"type":"string"},"cr31a_name":{"type":"string"},"_createdby_value":{"type":"string"},"_createdby_type":{"type":"string"},"cr31a_value":{"type":"string"},"_ownerid_value":{"type":"string"},"_ownerid_type":{"type":"string"},"modifiedon":{"type":"string"},"_modifiedby_value":{"type":"string"},"_modifiedby_type":{"type":"string"},"versionnumber":{"type":"integer"},"createdon":{"type":"string"},"statuscode":{"type":"integer"},"_statuscode_label":{"type":"string"}},"required":["@@odata.etag","ItemInternalId","cr31a_crmconfigurationid","_owningbusinessunit_value","_owningbusinessunit_type","statecode","_statecode_label","cr31a_name","_createdby_value","_createdby_type","cr31a_value","_ownerid_value","_ownerid_type","modifiedon","_modifiedby_value","_modifiedby_type","versionnumber","createdon","statuscode","_statuscode_label"]}}}},"Apply_to_each_2":{"foreach":"@body('Parse_JSON')","actions":{"Switch":{"runAfter":{"Parse_JSON_3":["Succeeded"]},"cases":{"Case":{"case":"MarketingPermissionsServiceXKey","actions":{"Set_variable":{"runAfter":{},"type":"SetVariable","inputs":{"name":"MarketingPermissionsServiceXKey","value":"@body('Parse_JSON_3')?['cr31a_value']"}}}},"Case_2":{"case":"MarketingPermissionsServiceUrl","actions":{"Set_variable_2":{"runAfter":{},"type":"SetVariable","inputs":{"name":"MarketingPermissionsServiceUrl","value":"@body('Parse_JSON_3')?['cr31a_value']"}}}}},"default":{"actions":{}},"expression":"@body('Parse_JSON_3')?['cr31a_name']","metadata":{"operationMetadataId":"aab11045-0f8f-4bb0-83b0-3d2367f51605"},"type":"Switch"},"Parse_JSON_3":{"runAfter":{},"metadata":{"operationMetadataId":"93db0bf9-6463-4e4f-94cc-7cbc9f4580d4"},"type":"ParseJson","inputs":{"content":"@items('Apply_to_each_2')","schema":{"type":"object","properties":{"@@odata.etag":{"type":"string"},"ItemInternalId":{"type":"string"},"cr31a_crmconfigurationid":{"type":"string"},"_owningbusinessunit_value":{"type":"string"},"_owningbusinessunit_type":{"type":"string"},"statecode":{"type":"integer"},"_statecode_label":{"type":"string"},"cr31a_name":{"type":"string"},"_createdby_value":{"type":"string"},"_createdby_type":{"type":"string"},"cr31a_value":{"type":"string"},"_ownerid_value":{"type":"string"},"_ownerid_type":{"type":"string"},"modifiedon":{"type":"string"},"_modifiedby_value":{"type":"string"},"_modifiedby_type":{"type":"string"},"versionnumber":{"type":"integer"},"createdon":{"type":"string"},"statuscode":{"type":"integer"},"_statuscode_label":{"type":"string"}}}}}},"runAfter":{"Parse_JSON":["Succeeded"]},"metadata":{"operationMetadataId":"f2a538b6-5619-4128-9203-c5b4571317d6"},"type":"Foreach"},"HTTP":{"runAfter":{"Apply_to_each_2":["Succeeded"]},"metadata":{"operationMetadataId":"c8eb7e0a-871e-464c-a12d-37e3482f30f4"},"type":"Http","inputs":{"method":"POST","uri":"@variables('MarketingPermissionsServiceUrl')","headers":{"X-KEY":"@variables('MarketingPermissionsServiceXKey')"},"body":{"AllowSMS":"@triggerOutputs()?['body/cr31a_allowsms']","AllowEmail":"@triggerOutputs()?['body/cr31a_allowemail']"}}}},"runAfter":{"Initialize_variable_2":["Succeeded"]},"else":{"actions":{"Create_a_new_record_(deprecated)":{"runAfter":{},"metadata":{"operationMetadataId":"545f162c-b024-4468-bab7-7c494d0c302b"},"type":"OpenApiConnection","inputs":{"host":{"apiId":"/providers/Microsoft.PowerApps/apis/shared_dynamicscrmonline","connectionName":"shared_dynamicscrmonline","operationId":"PostItem_V2"},"parameters":{"dataset":"unq3175455a9bfc469f867160d34b569.crm4","table":"cr31a_exceptionlogs","item/cr31a_name":"Change Marketing Permissions","item/cr31a_message":"Mobile phone and email information are not found for current customer @{outputs('Get_record_(deprecated)')?['body/fullname']}","item/_ownerid_type":"","item/_statuscode_label":""},"authentication":"@parameters('$authentication')"}}}},"expression":{"or":[{"not":{"equals":["@outputs('Get_record_(deprecated)')?['body/mobilephone']",null]}},{"not":{"equals":["@outputs('Get_record_(deprecated)')?['body/emailaddress1']",null]}}]},"metadata":{"operationMetadataId":"735cad3a-8bdb-4c0e-ba75-6d2893b9f499"},"type":"If"},"Initialize_variable":{"runAfter":{"Get_record_(deprecated)":["Succeeded"]},"metadata":{"operationMetadataId":"9a49a72b-1b6d-4d9f-9588-14d87462e58d"},"type":"InitializeVariable","inputs":{"variables":[{"name":"MarketingPermissionsServiceXKey","type":"string","value":"\"\""}]}},"Initialize_variable_2":{"runAfter":{"Initialize_variable":["Succeeded"]},"metadata":{"operationMetadataId":"62901223-dddf-41f7-8886-dd7fde9a567e"},"type":"InitializeVariable","inputs":{"variables":[{"name":"MarketingPermissionsServiceUrl","type":"string","value":"\"\""}]}}}}},"schemaVersion":"1.0.0.0"}